dayofweek,dayofweek,precovid_average_crashes,covid_average_crashes
0,Mon,11.545205479452054,7.409836065573771
1,Tues,12.717808219178082,7.016393442622951
2,Weds,12.443835616438356,7.278688524590164
3,Thurs,12.95068493150685,7.442622950819672
4,Fri,14.432876712328767,9.770491803278688
5,Sat,11.767123287671232,8.688524590163935
6,Sun,10.12054794520548,6.852459016393443
