,Month,PreCovid_Crashes_Per_Month,Crashes_2020,Crashes_2021
0,1,337.85714285714283,353,508
1,2,359.0,412,410
2,3,404.85714285714283,289,552
3,4,378.57142857142856,180,574
4,5,386.57142857142856,217,546
5,6,360.57142857142856,237,638
6,7,358.7142857142857,202,696
7,8,383.57142857142856,261,648
8,9,367.85714285714283,255,634
9,10,419.42857142857144,309,674
10,11,370.85714285714283,321,566
11,12,355.2857142857143,295,622
