dayofweek,dayofweek,precovid_average_crashes,covid_average_crashes
0,Mon,40.178082191780824,25.80327868852459
1,Tues,43.846575342465755,28.229508196721312
2,Weds,43.68493150684932,27.868852459016395
3,Thurs,45.24383561643835,29.049180327868854
4,Fri,48.83561643835616,35.442622950819676
5,Sat,41.6958904109589,33.278688524590166
6,Sun,35.25479452054795,26.721311475409838
