,Hour,PreCovid_Crashes,Covid_Crashes
0,0,42.676712328767124,28.153424657534245
