,Month,PreCovid_Crashes_Per_Month,Crashes_2020,Crashes_2021
0,1,1242.2857142857142,1296,1016
1,2,1220.4285714285713,1333,793
2,3,1387.4285714285713,1044,959
3,4,1310.7142857142858,650,1086
4,5,1324.142857142857,790,1090
5,6,1265.142857142857,843,1066
6,7,1224.5714285714287,858,1162
7,8,1315.857142857143,995,1107
8,9,1283.142857142857,1007,1143
9,10,1420.2857142857142,1152,1207
10,11,1270.5714285714287,1091,1159
11,12,1312.5714285714287,1149,1098
